対象label（機種・データソース）,"2026/09/14 18:09~18:24仙台駅（motorola edge 40 neo・supplicant_data-SSID_receive）"

セキュリティ規格,規格内件数,遷移パターン,件数,割合(%)（規格内）,SSID
Open,68,"INTERFACE_DISABLED → DISCONNECTED → ASSOCIATING → ASSOCIATED → COMPLETED",30,44.1,SENDAI_free_Wi-Fi
Open,68,"INTERFACE_DISABLED → DISCONNECTED → ASSOCIATING → DISCONNECTED → INTERFACE_DISABLED → DISCONNECTED → INTERFACE_DISABLED → DISCONNECTED → ASSOCIATING → DISCONNECTED → INTERFACE_DISABLED → DISCONNECTED → INTERFACE_DISABLED → DISCONNECTED → ASSOCIATING → DISCONNECTED → INTERFACE_DISABLED → DISCONNECTED → INTERFACE_DISABLED → DISCONNECTED → ASSOCIATING → DISCONNECTED",6,8.8,SENDAI_free_Wi-Fi
Open,68,"ASSOCIATING → ASSOCIATED → COMPLETED",4,5.9,SENDAI_free_Wi-Fi
Open,68,"INTERFACE_DISABLED → DISCONNECTED → ASSOCIATING → DISCONNECTED → INTERFACE_DISABLED → DISCONNECTED → INTERFACE_DISABLED → DISCONNECTED → ASSOCIATING → DISCONNECTED → INTERFACE_DISABLED → DISCONNECTED → INTERFACE_DISABLED → DISCONNECTED → ASSOCIATING → DISCONNECTED → INTERFACE_DISABLED → DISCONNECTED → INTERFACE_DISABLED → DISCONNECTED → ASSOCIATING → DISCONNECTED → INTERFACE_DISABLED",4,5.9,SENDAI_free_Wi-Fi
Open,68,"DISCONNECTED → ASSOCIATING → ASSOCIATED → COMPLETED",2,2.9,SENDAI_free_Wi-Fi
Open,68,"INTERFACE_DISABLED → DISCONNECTED → ASSOCIATING → DISCONNECTED → INTERFACE_DISABLED → DISCONNECTED → INTERFACE_DISABLED → DISCONNECTED → ASSOCIATING → DISCONNECTED → DISCONNECTED → INTERFACE_DISABLED → DISCONNECTED → ASSOCIATING → DISCONNECTED → INTERFACE_DISABLED → DISCONNECTED → INTERFACE_DISABLED → DISCONNECTED → ASSOCIATING → DISCONNECTED",2,2.9,SENDAI_free_Wi-Fi
Open,68,"INTERFACE_DISABLED → DISCONNECTED → ASSOCIATING → DISCONNECTED → INTERFACE_DISABLED → DISCONNECTED → INTERFACE_DISABLED → DISCONNECTED → ASSOCIATING → DISCONNECTED → INTERFACE_DISABLED → DISCONNECTED → INTERFACE_DISABLED → DISCONNECTED → ASSOCIATING → DISCONNECTED → INTERFACE_DISABLED → DISCONNECTED → ASSOCIATING → DISCONNECTED",2,2.9,SENDAI_free_Wi-Fi
Open,68,"INTERFACE_DISABLED → DISCONNECTED → ASSOCIATING → DISCONNECTED → INTERFACE_DISABLED → DISCONNECTED → INTERFACE_DISABLED → DISCONNECTED → ASSOCIATING → DISCONNECTED → INTERFACE_DISABLED → DISCONNECTED → INTERFACE_DISABLED → DISCONNECTED → ASSOCIATING → DISCONNECTED → INTERFACE_DISABLED → DISCONNECTED → INTERFACE_DISABLED → DISCONNECTED → ASSOCIATING",2,2.9,SENDAI_free_Wi-Fi
Open,68,"INTERFACE_DISABLED → DISCONNECTED → SCANNING → ASSOCIATING → DISCONNECTED → INTERFACE_DISABLED → DISCONNECTED → INTERFACE_DISABLED → DISCONNECTED → ASSOCIATING → DISCONNECTED → INTERFACE_DISABLED → DISCONNECTED → INTERFACE_DISABLED → DISCONNECTED → ASSOCIATING → DISCONNECTED → INTERFACE_DISABLED → DISCONNECTED → INTERFACE_DISABLED → DISCONNECTED → ASSOCIATING → DISCONNECTED → INTERFACE_DISABLED",1,1.5,SENDAI_free_Wi-Fi
Open,68,"ASSOCIATING → DISCONNECTED → INTERFACE_DISABLED → DISCONNECTED → INTERFACE_DISABLED → DISCONNECTED → ASSOCIATING → DISCONNECTED → INTERFACE_DISABLED → DISCONNECTED → ASSOCIATING → DISCONNECTED → INTERFACE_DISABLED → DISCONNECTED → INTERFACE_DISABLED → DISCONNECTED → ASSOCIATING → DISCONNECTED",1,1.5,SENDAI_free_Wi-Fi
Open,68,"INTERFACE_DISABLED → DISCONNECTED → ASSOCIATING → DISCONNECTED → INTERFACE_DISABLED → DISCONNECTED → INTERFACE_DISABLED → DISCONNECTED → ASSOCIATING → DISCONNECTED → INTERFACE_DISABLED → DISCONNECTED → INTERFACE_DISABLED → DISCONNECTED → ASSOCIATING → DISCONNECTED → DISCONNECTED → INTERFACE_DISABLED → DISCONNECTED → ASSOCIATING → DISCONNECTED",1,1.5,SENDAI_free_Wi-Fi
Open,68,"INTERFACE_DISABLED → DISCONNECTED → ASSOCIATING → DISCONNECTED → INTERFACE_DISABLED → DISCONNECTED → INTERFACE_DISABLED → DISCONNECTED → ASSOCIATING → DISCONNECTED → INTERFACE_DISABLED → DISCONNECTED → DISCONNECTED → ASSOCIATING → DISCONNECTED → INTERFACE_DISABLED → DISCONNECTED → INTERFACE_DISABLED → DISCONNECTED → ASSOCIATING → DISCONNECTED → DISCONNECTED",1,1.5,SENDAI_free_Wi-Fi
Open,68,"DISCONNECTED → ASSOCIATING → DISCONNECTED → INTERFACE_DISABLED → DISCONNECTED → INTERFACE_DISABLED → DISCONNECTED → ASSOCIATING → DISCONNECTED → DISCONNECTED → INTERFACE_DISABLED → DISCONNECTED → ASSOCIATING → DISCONNECTED → DISCONNECTED → ASSOCIATING → DISCONNECTED",1,1.5,SENDAI_free_Wi-Fi
Open,68,"INTERFACE_DISABLED → DISCONNECTED → ASSOCIATING → DISCONNECTED → INTERFACE_DISABLED → DISCONNECTED → INTERFACE_DISABLED → DISCONNECTED → ASSOCIATING → DISCONNECTED → INTERFACE_DISABLED → DISCONNECTED → INTERFACE_DISABLED → DISCONNECTED → ASSOCIATING → DISCONNECTED → INTERFACE_DISABLED → DISCONNECTED → INTERFACE_DISABLED → DISCONNECTED → ASSOCIATING → DISCONNECTED → INTERFACE_DISABLED → DISCONNECTED",1,1.5,SENDAI_free_Wi-Fi
Open,68,"INTERFACE_DISABLED → DISCONNECTED → ASSOCIATING → DISCONNECTED → INTERFACE_DISABLED → DISCONNECTED → INTERFACE_DISABLED → DISCONNECTED → ASSOCIATING → DISCONNECTED → INTERFACE_DISABLED → DISCONNECTED → INTERFACE_DISABLED → DISCONNECTED → ASSOCIATING → DISCONNECTED → INTERFACE_DISABLED → DISCONNECTED → INTERFACE_DISABLED → DISCONNECTED → ASSOCIATING → DISCONNECTED → DISCONNECTED",1,1.5,SENDAI_free_Wi-Fi
Open,68,"INTERFACE_DISABLED → DISCONNECTED → ASSOCIATING → DISCONNECTED → INTERFACE_DISABLED → DISCONNECTED → INTERFACE_DISABLED → DISCONNECTED → ASSOCIATING → DISCONNECTED → INTERFACE_DISABLED → DISCONNECTED → ASSOCIATING → DISCONNECTED → INTERFACE_DISABLED → DISCONNECTED → INTERFACE_DISABLED → DISCONNECTED → ASSOCIATING → DISCONNECTED",1,1.5,SENDAI_free_Wi-Fi
Open,68,"INTERFACE_DISABLED → DISCONNECTED → ASSOCIATING → DISCONNECTED → INTERFACE_DISABLED → DISCONNECTED → INTERFACE_DISABLED → DISCONNECTED → ASSOCIATING → DISCONNECTED → INTERFACE_DISABLED → DISCONNECTED → ASSOCIATING → DISCONNECTED → INTERFACE_DISABLED → DISCONNECTED → ASSOCIATING → DISCONNECTED",1,1.5,SENDAI_free_Wi-Fi
Open,68,"INTERFACE_DISABLED → DISCONNECTED → ASSOCIATING → DISCONNECTED → ASSOCIATING → DISCONNECTED → INTERFACE_DISABLED → DISCONNECTED → INTERFACE_DISABLED → DISCONNECTED → ASSOCIATING → DISCONNECTED → INTERFACE_DISABLED → DISCONNECTED → INTERFACE_DISABLED → DISCONNECTED → ASSOCIATING → DISCONNECTED",1,1.5,SENDAI_free_Wi-Fi
Open,68,"ASSOCIATING → DISCONNECTED → INTERFACE_DISABLED → DISCONNECTED → INTERFACE_DISABLED → DISCONNECTED → ASSOCIATING → ASSOCIATED → COMPLETED",1,1.5,SENDAI_free_Wi-Fi
Open,68,(遷移記録なし),1,1.5,SENDAI_free_Wi-Fi
Open,68,"INTERFACE_DISABLED → DISCONNECTED → ASSOCIATING → DISCONNECTED → DISCONNECTED → INTERFACE_DISABLED → DISCONNECTED → ASSOCIATING → DISCONNECTED → DISCONNECTED → INTERFACE_DISABLED → DISCONNECTED → ASSOCIATING → DISCONNECTED → INTERFACE_DISABLED → DISCONNECTED → INTERFACE_DISABLED → DISCONNECTED → ASSOCIATING",1,1.5,SENDAI_free_Wi-Fi
Open,68,"INTERFACE_DISABLED → DISCONNECTED → ASSOCIATING → DISCONNECTED → INTERFACE_DISABLED → DISCONNECTED → INTERFACE_DISABLED → DISCONNECTED → ASSOCIATING → INTERFACE_DISABLED → DISCONNECTED → INTERFACE_DISABLED → DISCONNECTED → ASSOCIATING → DISCONNECTED → INTERFACE_DISABLED → DISCONNECTED → INTERFACE_DISABLED → DISCONNECTED → ASSOCIATING → DISCONNECTED",1,1.5,SENDAI_free_Wi-Fi
Open,68,"INTERFACE_DISABLED → DISCONNECTED → ASSOCIATING → DISCONNECTED → DISCONNECTED → ASSOCIATING → DISCONNECTED → INTERFACE_DISABLED → DISCONNECTED → ASSOCIATING → DISCONNECTED → INTERFACE_DISABLED → DISCONNECTED → INTERFACE_DISABLED → DISCONNECTED → ASSOCIATING → DISCONNECTED",1,1.5,SENDAI_free_Wi-Fi
Open,68,"INTERFACE_DISABLED → DISCONNECTED → ASSOCIATING → DISCONNECTED → INTERFACE_DISABLED → DISCONNECTED → ASSOCIATING → DISCONNECTED → INTERFACE_DISABLED → DISCONNECTED → INTERFACE_DISABLED → DISCONNECTED → ASSOCIATING → DISCONNECTED → INTERFACE_DISABLED → DISCONNECTED → INTERFACE_DISABLED → DISCONNECTED → ASSOCIATING → DISCONNECTED",1,1.5,SENDAI_free_Wi-Fi
